Workbook

Sheet MonthlySales
A1: datum | B1: M01AB | C1: M01AE | D1: N02BA | E1: N02BE | F1: N05B | G1: N05C | H1: R03 | I1: R06 | J1: Total Sales Volume
A2: 41670 | B2: 127.69 | C2: 99.09 | D2: 152.1 | E2: 878.03 | F2: 354 | G2: 50 | H2: 112 | I2: 48.2 | J2: =SUM(B2:I2) -> 1821.11
A3: 41698 | B3: 133.32 | C3: 126.05 | D3: 177 | E3: 1001.9 | F3: 347 | G3: 31 | H3: 122 | I3: 36.2 | J3: =SUM(B3:I3) -> 1974.47
A4: 41729 | B4: 137.44 | C4: 92.95 | D4: 147.655 | E4: 779.275 | F4: 232 | G4: 20 | H4: 112 | I4: 85.4 | J4: =SUM(B4:I4) -> 1606.72
A5: 41759 | B5: 113.1 | C5: 89.475 | D5: 130.9 | E5: 698.5 | F5: 209 | G5: 18 | H5: 97 | I5: 73.7 | J5: =SUM(B5:I5) -> 1429.675
A6: 41790 | B6: 101.79 | C6: 119.933 | D6: 132.1 | E6: 628.78 | F6: 270 | G6: 23 | H6: 107 | I6: 123.7 | J6: =SUM(B6:I6) -> 1506.303
A7: 41820 | B7: 112.07 | C7: 94.71 | D7: 122.9 | E7: 548.225 | F7: 323 | G7: 23 | H7: 57 | I7: 109.3 | J7: =SUM(B7:I7) -> 1390.205
A8: 41851 | B8: 117.06 | C8: 95.01 | D8: 129.3 | E8: 491.9 | F8: 348 | G8: 21 | H8: 61 | I8: 69.1 | J8: =SUM(B8:I8) -> 1332.37
A9: 41882 | B9: 134.79 | C9: 99.78 | D9: 123.8 | E9: 583.85 | F9: 420 | G9: 29 | H9: 37 | I9: 70.8 | J9: =SUM(B9:I9) -> 1499.02
A10: 41912 | B10: 108.78 | C10: 109.094 | D10: 122.1 | E10: 887.82 | F10: 399 | G10: 14 | H10: 115 | I10: 58.8 | J10: =SUM(B10:I10) -> 1814.594
A11: 41943 | B11: 154.75 | C11: 185.241 | D11: 191.6 | E11: 1856.815 | F11: 472 | G11: 30 | H11: 182 | I11: 74.5 | J11: =SUM(B11:I11) -> 3146.906
A12: 41973 | B12: 138.08 | C12: 100.86 | D12: 142.7 | E12: 723.8 | F12: 489 | G12: 19 | H12: 112 | I12: 45.2 | J12: =SUM(B12:I12) -> 1770.64
A13: 42004 | B13: 131.9 | C13: 121.401 | D13: 111.124 | E13: 1015.66 | F13: 492 | G13: 25 | H13: 163 | I13: 33.4 | J13: =SUM(B13:I13) -> 2093.485
... A71: 43769 | B71: 44.37 | C71: 37.3 | D71: 20.65 | E71: 295.15 | F71: 86 | G71: 7 | H71: 37 | I71: 11.13 | J71: =SUM(B71:I71) -> 538.6

Sheet Summary 
A1: Category | B1: Total Sales
A2: N02BE | B2: =SUM(MonthlySales!E:E) -> 62477.945
A3: N05B | B3: =SUM(MonthlySales!F:F) -> 18348.3
A4: R03 | B4: =SUM(MonthlySales!H:H) -> 11737.25
A5: M01AB | B5: =SUM(MonthlySales!B:B) -> 10499.44
A6: M01AE | B6: =SUM(MonthlySales!C:C) -> 8156
A7: N02BA | B7: =SUM(MonthlySales!D:D) -> 8051.459
A8: R06 | B8: =SUM(MonthlySales!I:I) -> 6066.38
A9: N05C | B9: =SUM(MonthlySales!G:G) -> 1249
